Class,Precision,Recall,F1-Score
0,0.5,0.6666666666666666,0.5714285714285715
1,0.5,0.5,0.5
2,0.0,0.0,0.0
3,0.0,0.0,0.0
